{"app":["/app-c08a9eea6fca00140a0d.js"],"component---src-pages-404-js":["/component---src-pages-404-js-537bbbee01ae40218e23.js"],"component---src-pages-index-js":["/component---src-pages-index-js-74be8269c6697eca5789.js"],"component---src-pages-page-2-js":["/component---src-pages-page-2-js-fe551a40425b357f7ebc.js"],"component---src-pages-using-typescript-tsx":["/component---src-pages-using-typescript-tsx-49a52688d4cd47e20365.js"],"component---src-templates-blog-list-template-js":["/component---src-templates-blog-list-template-js-f035dc3268a5c715ae61.js"],"component---src-templates-tags-js":["/component---src-templates-tags-js-732931c821c739944a78.js"]}