{"errors":[],"warnings":[],"namedChunkGroups":{"app":{"chunks":[11,10,3],"assets":["webpack-runtime-91537fce728607766031.js","webpack-runtime-91537fce728607766031.js.map","framework-0204bf4e920e001ced67.js","framework-0204bf4e920e001ced67.js.map","app-c08a9eea6fca00140a0d.js","app-c08a9eea6fca00140a0d.js.map"],"children":{},"childAssets":{}},"component---src-pages-404-js":{"chunks":[2,0,1,4],"assets":["styles.583e12a2563efbc1f4c6.css","styles-503b3015a8b38c118cb7.js","styles-503b3015a8b38c118cb7.js.map","29107295-617a57dac527a4bc3132.js","29107295-617a57dac527a4bc3132.js.map","commons-2a6d3b11a7cd15475b5d.js","commons-2a6d3b11a7cd15475b5d.js.map","component---src-pages-404-js-537bbbee01ae40218e23.js","component---src-pages-404-js-537bbbee01ae40218e23.js.map"],"children":{},"childAssets":{}},"component---src-pages-index-js":{"chunks":[2,0,1,5],"assets":["styles.583e12a2563efbc1f4c6.css","styles-503b3015a8b38c118cb7.js","styles-503b3015a8b38c118cb7.js.map","29107295-617a57dac527a4bc3132.js","29107295-617a57dac527a4bc3132.js.map","commons-2a6d3b11a7cd15475b5d.js","commons-2a6d3b11a7cd15475b5d.js.map","component---src-pages-index-js-74be8269c6697eca5789.js","component---src-pages-index-js-74be8269c6697eca5789.js.map"],"children":{},"childAssets":{}},"component---src-pages-page-2-js":{"chunks":[2,0,1,6],"assets":["styles.583e12a2563efbc1f4c6.css","styles-503b3015a8b38c118cb7.js","styles-503b3015a8b38c118cb7.js.map","29107295-617a57dac527a4bc3132.js","29107295-617a57dac527a4bc3132.js.map","commons-2a6d3b11a7cd15475b5d.js","commons-2a6d3b11a7cd15475b5d.js.map","component---src-pages-page-2-js-fe551a40425b357f7ebc.js","component---src-pages-page-2-js-fe551a40425b357f7ebc.js.map"],"children":{},"childAssets":{}},"component---src-pages-using-typescript-tsx":{"chunks":[2,0,1,7],"assets":["styles.583e12a2563efbc1f4c6.css","styles-503b3015a8b38c118cb7.js","styles-503b3015a8b38c118cb7.js.map","29107295-617a57dac527a4bc3132.js","29107295-617a57dac527a4bc3132.js.map","commons-2a6d3b11a7cd15475b5d.js","commons-2a6d3b11a7cd15475b5d.js.map","component---src-pages-using-typescript-tsx-49a52688d4cd47e20365.js","component---src-pages-using-typescript-tsx-49a52688d4cd47e20365.js.map"],"children":{},"childAssets":{}},"component---src-templates-blog-list-template-js":{"chunks":[2,0,1,8],"assets":["styles.583e12a2563efbc1f4c6.css","styles-503b3015a8b38c118cb7.js","styles-503b3015a8b38c118cb7.js.map","29107295-617a57dac527a4bc3132.js","29107295-617a57dac527a4bc3132.js.map","commons-2a6d3b11a7cd15475b5d.js","commons-2a6d3b11a7cd15475b5d.js.map","component---src-templates-blog-list-template-js-f035dc3268a5c715ae61.js","component---src-templates-blog-list-template-js-f035dc3268a5c715ae61.js.map"],"children":{},"childAssets":{}},"component---src-templates-tags-js":{"chunks":[2,0,1,9],"assets":["styles.583e12a2563efbc1f4c6.css","styles-503b3015a8b38c118cb7.js","styles-503b3015a8b38c118cb7.js.map","29107295-617a57dac527a4bc3132.js","29107295-617a57dac527a4bc3132.js.map","commons-2a6d3b11a7cd15475b5d.js","commons-2a6d3b11a7cd15475b5d.js.map","component---src-templates-tags-js-732931c821c739944a78.js","component---src-templates-tags-js-732931c821c739944a78.js.map"],"children":{},"childAssets":{}}},"assetsByChunkName":{"app":["webpack-runtime-91537fce728607766031.js","framework-0204bf4e920e001ced67.js","app-c08a9eea6fca00140a0d.js"],"component---src-pages-404-js":["styles.583e12a2563efbc1f4c6.css","styles-503b3015a8b38c118cb7.js","29107295-617a57dac527a4bc3132.js","commons-2a6d3b11a7cd15475b5d.js","component---src-pages-404-js-537bbbee01ae40218e23.js"],"component---src-pages-index-js":["styles.583e12a2563efbc1f4c6.css","styles-503b3015a8b38c118cb7.js","29107295-617a57dac527a4bc3132.js","commons-2a6d3b11a7cd15475b5d.js","component---src-pages-index-js-74be8269c6697eca5789.js"],"component---src-pages-page-2-js":["styles.583e12a2563efbc1f4c6.css","styles-503b3015a8b38c118cb7.js","29107295-617a57dac527a4bc3132.js","commons-2a6d3b11a7cd15475b5d.js","component---src-pages-page-2-js-fe551a40425b357f7ebc.js"],"component---src-pages-using-typescript-tsx":["styles.583e12a2563efbc1f4c6.css","styles-503b3015a8b38c118cb7.js","29107295-617a57dac527a4bc3132.js","commons-2a6d3b11a7cd15475b5d.js","component---src-pages-using-typescript-tsx-49a52688d4cd47e20365.js"],"component---src-templates-blog-list-template-js":["styles.583e12a2563efbc1f4c6.css","styles-503b3015a8b38c118cb7.js","29107295-617a57dac527a4bc3132.js","commons-2a6d3b11a7cd15475b5d.js","component---src-templates-blog-list-template-js-f035dc3268a5c715ae61.js"],"component---src-templates-tags-js":["styles.583e12a2563efbc1f4c6.css","styles-503b3015a8b38c118cb7.js","29107295-617a57dac527a4bc3132.js","commons-2a6d3b11a7cd15475b5d.js","component---src-templates-tags-js-732931c821c739944a78.js"]}}